{"cameraMode":{"drawMode":0,"name":"Shaded","section":"Shading Mode"},"sceneLighting":true,"audioPlay":false,"sceneViewState":{"showFog":true,"showMaterialUpdate":false,"showSkybox":true,"showFlares":true,"showImageEffects":true,"showParticleSystems":true},"in2DMode":false,"pivot":{"x":150.6842041015625,"y":184.39797973632813,"z":-95.857421875},"rotation":{"x":-0.21745051443576814,"y":0.6048299670219421,"z":-0.17641900479793549,"w":-0.7455012202262878},"size":81.03816986083985,"orthographic":false}